id,first_name,last_name,Department,Title 
1,Rodrick,Espinola,Sales,Account Representative III
2,Cece,Sobey,Sales,Physical Therapy Assistant
3,Danna,Bearcroft,Sales,Biostatistician IV
4,Tessie,Slatter,Sales,Software Consultant
5,Lisa,Connikie,Sales,Account Representative III
6,Latia,Mullis,Sales,Budget/Accounting Analyst I
7,Bevin,Paxman,Sales,Help Desk Operator
8,Rosana,Leatherborrow,Sales,Nurse Practicioner
9,Orton,Knibb,Sales,Geologist III
10,Roxanna,Berrigan,IT,Paralegal
11,Fanya,Daveran,IT,Analyst Programmer
12,Tannie,Eadon,IT,Senior Developer
13,Natalina,Edmondson,IT,Data Coordinator
14,Farica,Starte,IT,Senior Sales Associate
15,Jedd,Rameau,IT,Accounting Assistant III
16,Malina,Stamp,IT,Statistician III
17,Kalli,Curzon,IT,Registered Nurse
18,Alvinia,Cottisford,IT,Civil Engineer
19,Archaimbaud,Mincini,IT,Office Assistant II
20,Terrell,Robertson,HR,Physical Therapy Assistant
21,Arlen,Andriss,HR,Structural Engineer
22,Finlay,Vyel,HR,Accounting Assistant III
23,Bryant,Arent,HR,Nuclear Power Engineer
24,Roi,Bestwick,HR,Human Resources Assistant III
25,Merissa,Keetley,HR,Electrical Engineer
26,Chloe,Reightley,HR,Occupational Therapist
27,Eolande,Wapol,HR,Senior Editor
28,Letti,Torresi,HR,Database Administrator III
29,Madelle,Rudge,HR,VP Product Management
30,Haze,McFie,Customer_Service,Administrative Officer
31,Debera,Trevna,Customer_Service,Legal Assistant
32,Giacinta,Alcido,Customer_Service,Senior Sales Associate
33,Kenyon,Whate,Customer_Service,Administrative Officer
34,Olag,Scuse,Customer_Service,Senior Financial Analyst
35,Millisent,Kibbee,Customer_Service,Account Coordinator
36,Delmor,Corneljes,Customer_Service,Information Systems Manager
37,Sigmund,Francke,Customer_Service,Chemical Engineer
38,Latashia,Bento,Customer_Service,Accountant III
39,Melisenda,Tantum,Customer_Service,Staff Scientist
40,Chelsy,Joynt,Customer_Service,Database Administrator IV
41,Paulie,Duchateau,Customer_Service,Account Coordinator
42,Kerstin,Boggs,Customer_Service,Desktop Support Technician
43,Bird,Natt,Customer_Service,Graphic Designer
44,Arluene,Allport,Customer_Service,Technical Writer
45,Celestyn,Jaze,Customer_Service,Compensation Analyst
46,Adrienne,Threader,Customer_Service,Librarian
47,Kitty,Mace,Customer_Service,VP Sales
48,Vitia,Boich,Customer_Service,Staff Accountant IV
49,Burke,Tremmil,Customer_Service,Actuary
50,Dannye,Dirr,Customer_Service,Account Representative II
